,rank,elpd_loo,p_loo,elpd_diff,weight,se,dse,warning,scale
full,0,-11524.701193630195,13.947239474198796,0.0,0.2944405714407573,99.39093412994983,0.0,False,log
surprisal_vs_ic,1,-11543.792125575994,11.7858054104654,19.090931945796612,0.0,99.23837848238166,4.865543211271871,False,log
deep_gpt2,2,-11679.644685713936,8.479070389830667,154.94349208374078,0.0,99.24922291448567,140.37628236219476,False,log
surprisal_vs_entropy_gpt2,3,-11680.315609847292,8.885919584006842,155.61441621709662,0.2591151958779831,99.31388878550686,140.4260188271659,False,log
baseline,4,-11764.9952196486,7.928218391194605,240.29402601840388,0.22773170530606274,98.08590402843255,139.98388068993728,False,log
surprisal_vs_entropy_t5,5,-11867.205018459194,8.444142228479905,342.5038248289993,0.2187125273756272,100.12059829731236,140.48864280784045,False,log
deep_t5,6,-11867.307498980183,8.004071914128872,342.6063053499879,1.735523075079015e-14,100.10329773468214,140.46399445099374,False,log
deep_bert,7,-11869.052516846285,8.054944173529293,344.35132321608836,0.0,100.07881394011443,140.44316022860468,False,log
surprisal_vs_entropy_bert,8,-11869.512386411314,8.398464769916245,344.8111927811191,0.0,100.04908779486142,140.41904477855687,False,log
