model,rank,elpd_loo,p_loo,elpd_diff,se,n_obs,elpd_loo_raw,se_raw
full,0,-17678.056288410782,21.752099148616253,0.0,110.44524777085593,7849,-8373.366954784637,52.313363692803584
surprisal_vs_entropy_gpt2,1,-17916.897868233536,15.978342888367479,238.84157982275428,94.83468086922579,11241,-12153.994866743902,64.33146144776822
deep_gpt2,2,-17925.329401196712,14.967890064064704,247.2731127859297,94.49165831649097,11241,-12159.714428752171,64.09877081260485
surprisal_vs_ic,3,-17970.89822869681,16.485868906600444,292.84194028602724,105.82400540123855,7849,-8512.074117255523,50.1244715704738
surprisal_vs_entropy_bert,4,-18093.957377468432,11.08468417466429,415.9010890576501,78.53448782237759,16448,-17959.6530652707,77.95155728094058
deep_bert,5,-18254.456490390356,10.223757130443119,576.4002019795735,78.37912759282244,16448,-18118.96085655305,77.79735022911977
surprisal_vs_entropy_t5,6,-18318.21666041302,11.289068283986126,640.1603720022395,76.87132616507635,16571,-18318.21666041302,76.87132616507635
deep_t5,7,-18328.12148099448,10.227900332563877,650.0651925836974,76.77516500607712,16571,-18328.12148099448,76.77516500607712
baseline,8,-18336.765754485194,10.035880524272216,658.7094660744115,77.19342976066079,16571,-18336.765754485194,77.19342976066079
